{"_runtime":143.584732707,"_wandb":{"runtime":146},"_step":400,"epoch":400,"train_loss":0.009815351292490958,"test_loss":0.010542619973421097,"learning_rate":6.25e-05,"_timestamp":1.734650380162765e+09}