{"_step":67,"epoch":67,"train_loss":0.010455595888197422,"test_loss":0.010933982208371162,"learning_rate":0.001,"_wandb":{"runtime":88},"_timestamp":1.7348347111207542e+09,"_runtime":88.016139644}