{"_runtime":12524.192066664,"_step":400,"_wandb":{"runtime":12526},"epoch":400,"train_loss":0.5633456654018826,"test_loss":0.5805762666227154,"learning_rate":6.25e-05,"_timestamp":1.7325095052223718e+09}