{"epoch":155,"train_loss":0.010302176885306834,"test_loss":0.01076641259714961,"learning_rate":0.0005,"_wandb":{"runtime":175},"_timestamp":1.7348425542389233e+09,"_runtime":175.116940046,"_step":155}