{"_step":30,"_wandb":{"runtime":913},"epoch":30,"train_loss":0.9526072226630317,"test_loss":0.9442610895590662,"learning_rate":0.001,"_timestamp":1.7322532572445688e+09,"_runtime":911.198065657}