{"test_loss":0.08734118193387985,"learning_rate":0.001,"_timestamp":1.734667953941218e+09,"_wandb":{"runtime":22},"_runtime":22.391992102,"_step":55,"epoch":55,"train_loss":0.08310387879610062}