{"epoch":6,"train_loss":1.0078172132703993,"test_loss":1.0396766180596198,"learning_rate":0.001,"_wandb":{"runtime":218},"_timestamp":1.7322552050096285e+09,"_runtime":206.565904014,"_step":6}