{"test_loss":0.010158428700391997,"learning_rate":6.25e-05,"_wandb":{"runtime":23552},"_timestamp":1.7324210821594193e+09,"_runtime":23551.111994007,"_step":400,"epoch":400,"train_loss":0.009689607040749657}