{"train_loss":1.1417064391242133,"test_loss":1.0390814082286848,"learning_rate":0.001,"_timestamp":1.7322554300246298e+09,"_wandb":{"runtime":59},"_runtime":31.120784245,"_step":0,"epoch":0}