{"learning_rate":0.001,"_wandb":{"runtime":240},"_timestamp":1.7324958244300852e+09,"_runtime":227.180655404,"_step":7,"epoch":7,"train_loss":1.0728826014200847,"test_loss":1.0883864530157097}