{"test_loss":1.0293076374040184,"learning_rate":0.001,"_wandb":{"runtime":361},"_timestamp":1.7322544639411619e+09,"_runtime":348.830390026,"_step":11,"epoch":11,"train_loss":1.06190279006958}