{"train_loss":0.01019055675715208,"_wandb":{"runtime":233},"test_loss":0.010660217609256506,"learning_rate":6.25e-05,"_timestamp":1.7348352269067578e+09,"_runtime":232.18714466,"_step":400,"epoch":400}