{"_runtime":31.584739496,"_step":18,"Prediction Plots":{"width":1400,"height":1000,"_type":"image-file","sha256":"0249c89ed085f791a3496b1bdc210b9e66434c6000c77b9adeb10d86e230e172","size":254850,"path":"media/images/Prediction Plots_17_0249c89ed085f791a349.png","format":"png"},"_wandb":{"runtime":31},"Train Loss":0.008528566546738147,"Test Loss":0.008255371125414968,"Learning Rate":0.001,"_timestamp":1.732515630442863e+09}