{"_runtime":14885.017795573,"_step":400,"_wandb":{"runtime":14888},"epoch":400,"train_loss":0.0022885236889123917,"test_loss":0.002312223914513089,"learning_rate":6.25e-05,"_timestamp":1.7323267795536215e+09}