{"_step":2,"epoch":2,"train_loss":19.09083140479194,"test_loss":16.183091523354513,"learning_rate":0.000999445492543504,"_wandb":{"runtime":174},"_timestamp":1.7358131210948503e+09,"_runtime":160.597749662}