{"epoch":3,"train_loss":0.3233839750289917,"test_loss":0.29946351051330566,"learning_rate":0.001,"_timestamp":1.7348319685205877e+09,"_runtime":76.519102965,"_wandb":{"runtime":76},"_step":3}