{"learning_rate":6.25e-05,"Prediction Plots":{"sha256":"f2de6860d71063cacc29f56b105543d4998091430ea58e3aaf2972bc16847186","size":167916,"path":"media/images/Prediction Plots_358_f2de6860d71063cacc29.png","format":"png","width":1400,"height":1000,"_type":"image-file"},"_timestamp":1.7325215371596572e+09,"epoch":399,"train_loss":0.00018527882493799553,"_step":407,"_wandb":{"runtime":2914},"test_loss":0.00019801187772827689,"_runtime":2914.795667802}