{"test_loss":0.00497638454128589,"_wandb":{"runtime":631},"_step":403,"learning_rate":6.25e-05,"train_loss":0.003953026682138443,"epoch":400,"_runtime":631.962666273,"_timestamp":1.7356093515347474e+09,"Prediction Plots":{"format":"png","width":1400,"height":1000,"_type":"image-file","sha256":"b24f287ec15d2fd8045cea704016b4d49a112ca75109e7bf9a0f7e1f01db49b7","size":416529,"path":"media/images/Prediction Plots_403_b24f287ec15d2fd8045c.png"}}