{"_runtime":13.980827975,"_step":0,"epoch":0,"train_loss":0.9990659756130642,"test_loss":0.997576642036438,"_wandb":{"runtime":14},"learning_rate":0.001,"_timestamp":1.7330889629108932e+09}