{"Prediction Plots":{"height":1000,"_type":"image-file","sha256":"e934ae8d73568161423556af6c621257cc31ebdf71f88a09bac46998ec29ead1","size":167756,"path":"media/images/Prediction Plots_358_e934ae8d735681614235.png","format":"png","width":1400},"train_loss":0.00229648407548666,"learning_rate":6.25e-05,"_step":407,"epoch":399,"_wandb":{"runtime":3042},"test_loss":0.002481063478626311,"_timestamp":1.732519968311754e+09,"_runtime":3042.207210795}