{"_step":400,"epoch":400,"train_loss":0.5777758142683241,"_wandb":{"runtime":18081},"test_loss":0.5934798381819192,"learning_rate":6.25e-05,"_timestamp":1.73218064513424e+09,"_runtime":18079.347876006}