{"_runtime":37.516173347,"_step":0,"_wandb":{"runtime":42},"epoch":0,"train_loss":0.44921210169792175,"test_loss":0.37014529960496084,"learning_rate":0.001,"_timestamp":1.7351118010111563e+09}