{"test_loss":0.15027091652154922,"learning_rate":0.001,"_timestamp":1.7346666084459307e+09,"_runtime":21.118897007,"_step":50,"_wandb":{"runtime":23},"epoch":50,"train_loss":0.14141612946987153}