{"train_loss":719.9989972601996,"test_loss":696.0810000770971,"learning_rate":9.990232305719945e-05,"_timestamp":1.7358182822070763e+09,"_runtime":568.2490948,"_wandb":{"runtime":605},"_step":1,"epoch":1}