{"Prediction Plots":{"format":"png","width":1400,"height":1000,"_type":"image-file","sha256":"87606ec5a9c697fec16f6c440e1597f5f60bcdec2e97e381a9ce87df35bce48f","size":184652,"path":"media/images/Prediction Plots_403_87606ec5a9c697fec16f.png"},"_wandb":{"runtime":1013},"_timestamp":1.7331128448023727e+09,"_step":403,"epoch":400,"test_loss":0.0010036406509408896,"_runtime":1013.688241742,"train_loss":0.0009606066672685778,"learning_rate":6.25e-05}