{"Learning Rate":0.001,"_timestamp":1.7325157125504043e+09,"_runtime":40.98707378,"_step":22,"Train Loss":0.007642229444657763,"Test Loss":0.007522334752138704,"Prediction Plots":{"size":233287,"path":"media/images/Prediction Plots_1_1b3a99e6023462c5dff5.png","format":"png","width":1400,"height":1000,"_type":"image-file","sha256":"1b3a99e6023462c5dff54b3eb11d33b21b934448e37f167d675cc5553a35b121"},"_wandb":{"runtime":41}}