{"train_loss":0.13608461022377014,"test_loss":0.11269635334610939,"learning_rate":0.001,"_timestamp":1.7348326870359695e+09,"_runtime":60.885684313,"_step":8,"epoch":8,"_wandb":{"runtime":61}}