{"epoch":2,"train_loss":1.0276597913106282,"test_loss":1.1129010885631134,"learning_rate":0.001,"_timestamp":1.7322545801489327e+09,"_runtime":90.094808528,"_step":2,"_wandb":{"runtime":104}}