{"learning_rate":0.001,"_timestamp":1.732334597208257e+09,"_runtime":523.242472475,"_step":7,"epoch":7,"_wandb":{"runtime":533},"train_loss":0.9975022443135579,"test_loss":1.0076029395368555}