{"_step":51,"_wandb":{"runtime":67},"epoch":51,"train_loss":0.010531551018357278,"test_loss":0.011016592383384705,"learning_rate":0.001,"_timestamp":1.7348343790980449e+09,"_runtime":66.871104593}