{"epoch":400,"train_loss":0.6112642998165555,"test_loss":0.6209723510466758,"learning_rate":6.25e-05,"_wandb":{"runtime":11289},"_timestamp":1.73251006114984e+09,"_runtime":11288.056850331,"_step":400}