{"test_loss":0.19848603203838913,"learning_rate":6.25e-05,"_timestamp":1.7322297898363538e+09,"_runtime":22692.958130089,"_step":400,"_wandb":{"runtime":22695},"epoch":400,"train_loss":0.19619016620847915}