{"epoch":7,"train_loss":0.9942954402499729,"test_loss":1.0034993581393135,"learning_rate":0.001,"_timestamp":1.7323359283768518e+09,"_wandb":{"runtime":593},"_runtime":569.551756246,"_step":7}