{"_wandb":{"runtime":14517},"_step":400,"epoch":400,"train_loss":0.2915948873096042,"test_loss":0.2918218877771701,"learning_rate":6.25e-05,"_timestamp":1.7322700131418731e+09,"_runtime":14515.728297616}