{"_step":1,"_runtime":27.49139078,"epoch":0,"Prediction Plots":{"_type":"image-file","sha256":"7db454696e5fc05e45c586f7f60679b45bb56e7ab964e3d544e09e30c7b2a108","size":129036,"path":"media/images/Prediction Plots_1_7db454696e5fc05e45c5.png","format":"png","width":1400,"height":1000},"_wandb":{"runtime":31},"test_loss":0.18439089953899385,"learning_rate":0.001,"train_loss":0.22665165861447653,"_timestamp":1.7355109835019696e+09}