{"_runtime":15899.833938688,"_wandb":{"runtime":15900},"_step":500,"epoch":500,"train_loss":0.38735562324523926,"test_loss":0.39907082237491537,"learning_rate":3.125e-05,"_timestamp":1.7321394697294915e+09}