{"train_loss":0.0434892831908332,"test_loss":0.043983859921190284,"learning_rate":6.25e-05,"_timestamp":1.7324210021463716e+09,"_runtime":23633.772145986,"_step":400,"epoch":400,"_wandb":{"runtime":23635}}