{"Prediction Plots":{"width":1400,"height":1000,"_type":"image-file","sha256":"37bb0db6f43ae37b3a956f67c93b85d843f11ece3821c04ed3ac81da4c600522","size":186615,"path":"media/images/Prediction Plots_409_37bb0db6f43ae37b3a95.png","format":"png"},"train_loss":0.0009712281384660552,"_runtime":2730.724467372,"_timestamp":1.7325254128287687e+09,"_wandb":{"runtime":2730},"learning_rate":6.25e-05,"_step":409,"epoch":400,"test_loss":0.0009308356602559797}