{"_runtime":31.061572045,"_step":0,"epoch":0,"train_loss":1.1417064391242133,"test_loss":1.0390814082286848,"_wandb":{"runtime":36},"learning_rate":0.001,"_timestamp":1.7322522734325101e+09}