{"train_loss":0.03501429408788681,"test_loss":0.03784775547683239,"_wandb":{"runtime":23},"learning_rate":0.001,"_timestamp":1.734667632763157e+09,"_runtime":23.703812855,"_step":64,"epoch":64}