{"_wandb":{"runtime":27},"Test Loss":0.009225180023349822,"Learning Rate":0.001,"_timestamp":1.7325155559309185e+09,"_runtime":26.192442710999998,"_step":13,"Train Loss":0.009174829597274463}