{"epoch":400,"train_loss":3.539917294498688e-05,"_step":403,"_wandb":{"runtime":719},"test_loss":3.555567354851519e-05,"_runtime":719.553364463,"Prediction Plots":{"width":1400,"height":1000,"_type":"image-file","sha256":"f345ee439c3a98419a733c4ebe149f9087128de334022b48fb21835e4bc4154b","size":140392,"path":"media/images/Prediction Plots_403_f345ee439c3a98419a73.png","format":"png"},"learning_rate":6.25e-05,"_timestamp":1.7331102343878112e+09}