{"_wandb":{"runtime":205},"learning_rate":0.000125,"_timestamp":1.7347485500152328e+09,"_runtime":204.750401218,"_step":387,"epoch":387,"train_loss":0.00984907653182745,"test_loss":0.010568494442850351}