{"_wandb":{"runtime":54},"epoch":0,"train_loss":1.1417064391242133,"test_loss":1.0390814082286848,"learning_rate":0.001,"_timestamp":1.73225472295929e+09,"_runtime":30.677843646,"_step":0}