{"_runtime":70.202653173,"_step":172,"epoch":172,"_wandb":{"runtime":70},"train_loss":0.010730234906077385,"test_loss":0.01149587333202362,"learning_rate":0.0005,"_timestamp":1.7346684146438298e+09}