{"_timestamp":1.7330098887577877e+09,"Prediction Plots":{"size":202752,"path":"media/images/Prediction Plots_403_58bff74f5cd15f202bd2.png","format":"png","width":1400,"height":1000,"_type":"image-file","sha256":"58bff74f5cd15f202bd21079e2431e1500f500ad2a7de04d147e42544117d308"},"train_loss":0.00017940311857576793,"_wandb":{"runtime":1557},"test_loss":0.00018539774464443326,"_runtime":1557.292481557,"learning_rate":6.25e-05,"_step":403,"epoch":400}