{"learning_rate":0.001,"_wandb":{"runtime":2},"_timestamp":1.7356076544614635e+09,"_runtime":2.652929911,"_step":0,"epoch":0,"train_loss":0.22665149884091484,"test_loss":0.1843915492296219}