{"_runtime":58.83600422,"_wandb":{"runtime":58},"_step":0,"epoch":0,"train_loss":540.9916609022353,"test_loss":249.42399490088746,"learning_rate":0.0009999383779245895,"_timestamp":1.7358127203527386e+09}