{"_step":0,"_wandb":{"runtime":1},"epoch":0,"train_loss":68.73246307373047,"test_loss":67.99251174926758,"learning_rate":0.001,"_timestamp":1.7346678651136508e+09,"_runtime":1.908968389}