{"_wandb":{"runtime":2853},"_runtime":2853.420283868,"_step":409,"Prediction Plots":{"sha256":"003c3df6b571cb103786a87cccdf3009d0472b1cbfcd755ded8b80e6a9891ad0","size":62421,"path":"media/images/Prediction Plots_409_003c3df6b571cb103786.png","format":"png","width":1400,"height":1000,"_type":"image-file"},"learning_rate":6.25e-05,"_timestamp":1.732525147467522e+09,"epoch":400,"test_loss":0.0015545516507700086,"train_loss":0.0014054371315675477}