{"test_loss":13.002105252496127,"learning_rate":0.0009861987752386395,"_timestamp":1.7358151428659163e+09,"_runtime":780.310269022,"_step":14,"_wandb":{"runtime":788},"epoch":14,"train_loss":11.800477112664117}