{"epoch":15,"train_loss":15.7425814098782,"test_loss":16.006138406950853,"learning_rate":0.00046913851667094395,"_wandb":{"runtime":1369},"_timestamp":1.7358171352057266e+09,"_runtime":1368.080814527,"_step":15}