{"epoch":0,"train_loss":1.0174025959438748,"test_loss":1.0167696639518875,"_wandb":{"runtime":31},"learning_rate":0.001,"_timestamp":1.7324977529759343e+09,"_runtime":30.883786324,"_step":0}