{"train_loss":0.026527997830675706,"epoch":400,"Prediction Plots":{"size":472223,"path":"media/images/Prediction Plots_403_ea118a47e1e8465bb444.png","format":"png","width":1400,"height":1000,"_type":"image-file","sha256":"ea118a47e1e8465bb444627e0cd90780e056184fff3a25d4bdbcbfba59329180"},"_timestamp":1.735608204696606e+09,"test_loss":0.03617274239659309,"_runtime":455.78884105,"_step":403,"learning_rate":6.25e-05,"_wandb":{"runtime":455}}