{"_wandb":{"runtime":67},"Train Loss":0.0068628530949354175,"Test Loss":0.007037090545054525,"Learning Rate":0.001,"_timestamp":1.732515009221627e+09,"_runtime":66.650138053,"_step":36}