{"epoch":399,"train_loss":0.005284034507349133,"test_loss":0.005409506266005337,"Prediction Plots":{"_type":"image-file","sha256":"098f28ddb174a0aec772649b5650a8bb50ba9881f2a7eb2abdd633975d2fbce1","size":247462,"path":"media/images/Prediction Plots_358_098f28ddb174a0aec772.png","format":"png","width":1400,"height":1000},"learning_rate":6.25e-05,"_step":407,"_runtime":2288.492094473,"_wandb":{"runtime":2288},"_timestamp":1.7325190557958915e+09}