{"_runtime":14.322621539,"_step":33,"epoch":33,"train_loss":0.2775233507156372,"test_loss":0.3091413825750351,"learning_rate":0.001,"_wandb":{"runtime":14},"_timestamp":1.7346685963892822e+09}