{"epoch":0,"_wandb":{"runtime":117},"train_loss":541.0023506673177,"test_loss":249.3802929259183,"learning_rate":0.0009999383779245895,"_timestamp":1.7358115984741614e+09,"_runtime":65.409792915,"_step":0}