{"_runtime":467.105680676,"_step":400,"epoch":400,"train_loss":0.2135447444100129,"test_loss":0.22493876516819,"learning_rate":6.25e-05,"_wandb":{"runtime":468},"_timestamp":1.7351888534522061e+09}