{"_timestamp":1.7325216228108468e+09,"_step":407,"train_loss":0.00019544713577488438,"learning_rate":6.25e-05,"epoch":399,"test_loss":0.00018907047706306912,"Prediction Plots":{"width":1400,"height":1000,"_type":"image-file","sha256":"76bcf3cb0b7c9bdd52a6cdf4699121703d1da9186500e1f4cc362a4f638c090f","size":182102,"path":"media/images/Prediction Plots_358_76bcf3cb0b7c9bdd52a6.png","format":"png"},"_wandb":{"runtime":2559},"_runtime":2559.891195182}