{"test_loss":0.01149587333202362,"learning_rate":0.0005,"_timestamp":1.7347479322134676e+09,"_runtime":218.607984652,"_wandb":{"runtime":218},"_step":172,"epoch":172,"train_loss":0.010730234906077385}