{"train_loss":97.48145920223659,"test_loss":27.121064002053778,"_wandb":{"runtime":122},"learning_rate":0.0009997535269026829,"_timestamp":1.7358121560508666e+09,"_runtime":116.486590848,"_step":1,"epoch":1}