{"_timestamp":1.7322540634560032e+09,"_runtime":235.772233525,"_wandb":{"runtime":264},"_step":7,"epoch":7,"train_loss":1.0158201132880318,"test_loss":1.112933651204574,"learning_rate":0.001}