{"learning_rate":6.25e-05,"_timestamp":1.7348436153092268e+09,"_runtime":175.10701181,"_step":400,"_wandb":{"runtime":176},"epoch":400,"train_loss":0.010190551169216633,"test_loss":0.010660314932465553}