{"_runtime":5748.905766515,"_step":500,"_wandb":{"runtime":5749},"epoch":500,"train_loss":0.04354081710179647,"test_loss":0.04123600795865059,"learning_rate":3.125e-05,"_timestamp":1.7330947759084733e+09}