{"_timestamp":1.734843114219479e+09,"_runtime":261.422410063,"_step":400,"epoch":400,"train_loss":0.010190551169216633,"test_loss":0.010660314932465553,"learning_rate":6.25e-05,"_wandb":{"runtime":263}}