{"test_loss":0.5936857163906097,"learning_rate":0.001,"_wandb":{"runtime":67},"_timestamp":1.7348207462992785e+09,"_runtime":67.483927199,"_step":8,"epoch":8,"train_loss":0.6808580875396728}