{"_wandb":{"runtime":11288},"epoch":400,"train_loss":0.28091321256425644,"test_loss":0.2844751354589359,"learning_rate":6.25e-05,"_timestamp":1.733137068954506e+09,"_runtime":11285.808462069,"_step":400}