{"_runtime":340.709350242,"_step":194,"Prediction Plots":{"height":1000,"_type":"image-file","sha256":"35fd399316b5126a5dddb09be54d7f673282f5658ef731ea0770013fa7c63ca2","size":247969,"path":"media/images/Prediction Plots_153_35fd399316b5126a5ddd.png","format":"png","width":1400},"_wandb":{"runtime":341},"Train Loss":0.00585730296249191,"Test Loss":0.005884240381419659,"Learning Rate":0.0005,"_timestamp":1.73251631468587e+09}