{"test_loss":0.010912341065704823,"learning_rate":0.001,"_timestamp":1.7348330553462462e+09,"_runtime":73.405270397,"_step":63,"_wandb":{"runtime":73},"epoch":63,"train_loss":0.010479112342000007}