{"_wandb":{"runtime":617},"learning_rate":6.25e-05,"_timestamp":1.7352222221525354e+09,"_runtime":616.020573368,"_step":400,"epoch":400,"train_loss":0.014039374627172948,"test_loss":0.013954625331929751}