{"_runtime":54.892101579,"_step":0,"_wandb":{"runtime":104},"epoch":0,"train_loss":541.00794921875,"test_loss":249.41109854714912,"learning_rate":0.0009999383779245895,"_timestamp":1.7358125762466924e+09}