{"_step":403,"train_loss":0.0015650770457630808,"_runtime":1897.564366552,"learning_rate":6.25e-05,"_timestamp":1.7330099136130407e+09,"test_loss":0.0016046847449615598,"Prediction Plots":{"height":1000,"_type":"image-file","sha256":"e4a10ed276afa807a03b42a11a13d1685203a60ae84b82b8f0a07c8dc2ee6e61","size":148974,"path":"media/images/Prediction Plots_403_e4a10ed276afa807a03b.png","format":"png","width":1400},"_wandb":{"runtime":1897},"epoch":400}