{"_wandb":{"runtime":2953},"train_loss":0.0001379943520684416,"Prediction Plots":{"path":"media/images/Prediction Plots_409_5be21632f8141173bf8b.png","format":"png","width":1400,"height":1000,"_type":"image-file","sha256":"5be21632f8141173bf8bbb30ae1b580c1bb1a6d743effde17757a1d06f12a07e","size":110446},"_runtime":2953.259452965,"epoch":400,"test_loss":0.00013954041969554964,"learning_rate":6.25e-05,"_timestamp":1.7325253069913116e+09,"_step":409}