{"test_loss":1.0167696639518875,"learning_rate":0.001,"_wandb":{"runtime":32},"_timestamp":1.7324986591326647e+09,"_runtime":32.030633481,"_step":0,"epoch":0,"train_loss":1.0174025959438748}