{"train_loss":4.3093793768396914e-05,"learning_rate":6.25e-05,"_step":407,"_wandb":{"runtime":3457},"test_loss":4.2024585127364844e-05,"Prediction Plots":{"height":1000,"_type":"image-file","sha256":"f5dbeda1f4b2774939368733a6388739a3d2bbba61c30c1661cfb3bc05f9edde","size":208306,"path":"media/images/Prediction Plots_358_f5dbeda1f4b277493936.png","format":"png","width":1400},"_timestamp":1.732521522173786e+09,"epoch":399,"_runtime":3457.45695684}