{"train_loss":0.3277123212814331,"test_loss":0.36504554748535156,"learning_rate":0.001,"_timestamp":1.7347489128095694e+09,"_wandb":{"runtime":96},"_runtime":94.719944336,"_step":24,"epoch":24}